"","estimate","lcl","ucl"
"D",11.5400567747718,8.08843068653353,16.464616626644
