"","estimate","lcl","ucl"
"D",10.5548164090675,7.48786443577709,14.877960249498
