"","estimate","lcl","ucl"
"D",10.5944522046158,7.51751677135173,14.9307837853625
