"","estimate","lcl","ucl"
"D",11.9357914517535,8.40772650337907,16.9443092044558
