"estimate", "lcl", "ucl"
14.2478618412303, 10.2451718123772, 19.8143643429717
12.2099222925252, 8.66113775193884, 17.2127735015105
